prodcode,dmdcode,bnfcode,cprd_name,productname,drugsubstance,strength,formulation,route,snomed_code,dm_d_product_description,bnf_name
12250,NA,NA,spectraban 10 (uvb spf 10) lot,NA,NA,NA,NA,NA,NA,NA,NA
12816,NA,NA,methotrexate 100mg/ml injection,NA,NA,NA,NA,NA,NA,NA,NA
13385,31555001000027104,NA,tigason 25mg capsule (roche products ltd),Tigason 25mg Capsule (Roche Products Ltd),Etretinate,25mg,Capsule,Oral,NA,NA,NA
13428,644711000001108,1001030U0BDAAAB,maxtrex 2.5mg tablets (pfizer ltd),Maxtrex 2.5mg tablets (Pfizer Ltd),Methotrexate,2.5mg,Tablet,Oral,644711000001108,Maxtrex 2.5mg tablets (Pfizer Ltd),Maxtrex 2.5mg tablets
13494,3490711000001103,0802020G0BBAAAG,sandimmun 100mg/ml oral solution (novartis pharmaceuticals uk ltd),Sandimmun 100mg/ml oral solution (Novartis Pharmaceuticals UK Ltd),Ciclosporin,100mg/1ml,Oral solution,Oral,3490711000001103,Sandimmun 100mg/ml oral solution (Novartis Pharmaceuticals UK Ltd),Sandimmun 100mg/ml oral solution
13556,172611000001109,0802020G0BBAEAD,sandimmun 100mg capsules (novartis pharmaceuticals uk ltd),Sandimmun 100mg capsules (Novartis Pharmaceuticals UK Ltd),Ciclosporin,100mg,Capsule,Oral,172611000001109,Sandimmun 100mg capsules (Novartis Pharmaceuticals UK Ltd),Sandimmun 100mg capsules
14347,9468611000001104,NA,methotrexate 20mg/0.8ml solution for injection pre-filled syringes,Methotrexate 20mg/0.8ml solution for injection pre-filled syringes,Methotrexate sodium,25mg/1ml,Solution for injection,Subcutaneous/Intramuscular,NA,NA,NA
14348,10673511000001108,NA,metoject 20mg/2ml solution for injection pre-filled syringes (medac uk),Metoject 20mg/2ml solution for injection pre-filled syringes (medac UK),Methotrexate sodium,10mg/1ml,Solution for injection,Intramuscular/Intravenous/Subcutaneous,NA,NA,NA
14748,NA,NA,methotrexate sodium 25mg/ml injection,NA,NA,NA,NA,NA,NA,NA,NA
14886,4156611000001102,1001030D0BBAAAA,enbrel 25mg powder and solvent for solution for injection vials (pfizer ltd),Enbrel 25mg powder and solvent for solution for injection vials (Pfizer Ltd),Etanercept,25mg,Powder and solvent for solution for injection,Subcutaneous,4156611000001102,Enbrel 25mg powder and solvent for solution for injection vials (Pfizer Ltd),Enbrel 25mg inj vials
15596,638611000001108,0802020G0BBAFAF,sandimmun 50mg capsules (novartis pharmaceuticals uk ltd),Sandimmun 50mg capsules (Novartis Pharmaceuticals UK Ltd),Ciclosporin,50mg,Capsule,Oral,638611000001108,Sandimmun 50mg capsules (Novartis Pharmaceuticals UK Ltd),Sandimmun 50mg capsules
15921,36065611000001104,NA,etanercept 25mg powder and solvent for solution for injection vials,Etanercept 25mg powder and solvent for solution for injection vials,Etanercept,25mg,Powder and solvent for solution for injection,Subcutaneous,NA,NA,NA
16035,327090002,0802020G0AAAHAH,ciclosporin 10mg capsules,Ciclosporin 10mg capsules,Ciclosporin,10mg,Capsule,Oral,327090002,Ciclosporin 10mg capsules,Ciclosporin 10mg capsules
16137,303511000001103,0802020G0BCAEAH,neoral 10mg capsules (novartis pharmaceuticals uk ltd),Neoral 10mg capsules (Novartis Pharmaceuticals UK Ltd),Ciclosporin,10mg,Capsule,Oral,303511000001103,Neoral 10mg capsules (Novartis Pharmaceuticals UK Ltd),Neoral 10mg capsules
1626,36139311000001110,NA,ciclosporin 100mg/ml oral solution sugar free,Ciclosporin 100mg/ml oral solution sugar free,Ciclosporin,100mg/1ml,Oral solution,Oral,NA,NA,NA
16519,9468811000001108,NA,methotrexate 25mg/1ml solution for injection pre-filled syringes,Methotrexate 25mg/1ml solution for injection pre-filled syringes,Methotrexate sodium,25mg/1ml,Solution for injection,Subcutaneous/Intramuscular,NA,NA,NA
16540,9468411000001108,NA,methotrexate 15mg/0.6ml solution for injection pre-filled syringes,Methotrexate 15mg/0.6ml solution for injection pre-filled syringes,Methotrexate sodium,25mg/1ml,Solution for injection,Subcutaneous/Intramuscular,NA,NA,NA
16570,9469511000001100,0801030P0AAFIFI,methotrexate 7.5mg/0.3ml solution for injection pre-filled syringes,Methotrexate 7.5mg/0.3ml solution for injection pre-filled syringes,Methotrexate sodium,25mg/1ml,Solution for injection,Subcutaneous/Intramuscular,9469511000001100,Methotrexate 7.5mg/0.3ml solution for injection pre-filled syringes,Methotrexate 7.5mg/0.3ml inj pre-filled syringes
16822,400687000,1001030T0AAAAAA,infliximab 100mg powder for solution for infusion vials,Infliximab 100mg powder for solution for infusion vials,Infliximab,100mg,Powder for solution for infusion,Intravenous,400687000,Infliximab 100mg powder for solution for infusion vials,Infliximab 100mg powder for solution for infusion vials
17035,8665711000001107,1001030U0AAAEAE,methotrexate 2.5mg/5ml oral suspension,Methotrexate 2.5mg/5ml oral suspension,Methotrexate,500microgram/1ml,Oral suspension,Oral,8665711000001107,Methotrexate 2.5mg/5ml oral suspension,Methotrexate 2.5mg/5ml oral liquid
17672,9468711000001100,NA,methotrexate 22.5mg/0.9ml solution for injection pre-filled syringes,Methotrexate 22.5mg/0.9ml solution for injection pre-filled syringes,Methotrexate sodium,25mg/1ml,Solution for injection,Subcutaneous/Intramuscular,NA,NA,NA
18424,200885001000027100,NA,methotrexate sodium 2.5mg tablet,Methotrexate sodium 2.5mg Tablet,Methotrexate,2.5mg,Tablet,Oral,NA,NA,NA
18890,9468511000001106,0801030P0AAFLFL,methotrexate 17.5mg/0.7ml solution for injection pre-filled syringes,Methotrexate 17.5mg/0.7ml solution for injection pre-filled syringes,Methotrexate sodium,25mg/1ml,Solution for injection,Subcutaneous/Intramuscular,9468511000001106,Methotrexate 17.5mg/0.7ml solution for injection pre-filled syringes,Methotrexate 17.5mg/0.7ml inj pre-filled syringes
1905,3490411000001109,0802020G0BCAAAG,neoral 100mg/ml oral solution (novartis pharmaceuticals uk ltd),Neoral 100mg/ml oral solution (Novartis Pharmaceuticals UK Ltd),Ciclosporin,100mg/1ml,Oral solution,Oral,3490411000001109,Neoral 100mg/ml oral solution (Novartis Pharmaceuticals UK Ltd),Neoral 100mg/ml oral solution
19257,9309311000001100,NA,enbrel 50mg powder and solvent for solution for injection vials (wyeth pharmaceuticals),Enbrel 50mg powder and solvent for solution for injection vials (Wyeth Pharmaceuticals),Etanercept,50mg,Powder and solvent for solution for injection,Subcutaneous,NA,NA,NA
19370,104735001000027100,NA,ciclosporin 50mg/ml concentrate solution infusion,Ciclosporin 50mg/ml concentrate solution infusion,Ciclosporin,50mg/ml,Concentrate For Solution For Infusion,Intravenous Infusion,NA,NA,NA
20951,683611000001105,1001030U0AAABAB,methotrexate 2.5mg tablets (advanz pharma),Methotrexate 2.5mg tablets (AMCo),Methotrexate,2.5mg,Tablet,Oral,683611000001105,Methotrexate 2.5mg tablets (Advanz Pharma),Methotrexate 2.5mg tablets
21753,322011000001106,1001030U0BDABAC,maxtrex 10mg tablets (pfizer ltd),Maxtrex 10mg tablets (Pfizer Ltd),Methotrexate,10mg,Tablet,Oral,322011000001106,Maxtrex 10mg tablets (Pfizer Ltd),Maxtrex 10mg tablets
21889,NA,NA,methotrexate 25mg/1ml,NA,NA,NA,NA,NA,NA,NA,NA
22392,4398011000001107,1001030T0BBAAAA,remicade 100mg powder for concentrate for solution for infusion vials (merck sharp & dohme ltd),Remicade 100mg powder for concentrate for solution for infusion vials (Merck Sharp & Dohme Ltd),Infliximab,100mg,Powder for solution for infusion,Intravenous,4398011000001107,Remicade 100mg powder for concentrate for solution for infusion vials (Merck Sharp & Dohme (UK) Ltd),Remicade 100mg pdr for concentrate for inf vials
23850,236135001000027100,NA,humira 40mg injection (abbott laboratories ltd),Humira 40mg Injection (Abbott Laboratories Ltd),Adalimumab,40mg,Injection,Subcutaneous Injection,NA,NA,NA
24546,NA,NA,tigason 25 mg tab,NA,NA,NA,NA,NA,NA,NA,NA
24634,10675911000001100,NA,methotrexate 25mg/2.5ml solution for injection pre-filled syringes,Methotrexate 25mg/2.5ml solution for injection pre-filled syringes,Methotrexate sodium,10mg/1ml,Solution for injection,Intramuscular/Intravenous/Subcutaneous,NA,NA,NA
24783,242025001000027100,NA,methotrexate 50mg/2ml injection,Methotrexate 50mg/2ml Injection,Methotrexate Sodium,50mg/2ml,Injection,Intravenous Injection,NA,NA,NA
26064,10675811000001106,1001030U0AABABA,methotrexate 20mg/2ml solution for injection pre-filled syringes,Methotrexate 20mg/2ml solution for injection pre-filled syringes,Methotrexate sodium,10mg/1ml,Solution for injection,Intramuscular/Intravenous/Subcutaneous,10675811000001106,Methotrexate 20mg/2ml solution for injection pre-filled syringes,Methotrexate 20mg/2ml inj pre-filled syringes
26387,36065711000001104,NA,etanercept 50mg powder and solvent for solution for injection vials,Etanercept 50mg powder and solvent for solution for injection vials,Etanercept,50mg,Powder and solvent for solution for injection,Subcutaneous,NA,NA,NA
26790,56325001000027104,NA,sandimmun 50mg/ml concentrate for solution for infusion (novartis pharmaceuticals uk ltd),Sandimmun 50mg/ml Concentrate for solution for infusion (Novartis Pharmaceuticals UK Ltd),Ciclosporin,50mg/ml,Concentrate For Solution For Infusion,Intravenous Infusion,NA,NA,NA
27342,124635001000027100,NA,maxtrex 2.5mg/ml injection (pharmacia ltd),Maxtrex 2.5mg/ml Injection (Pharmacia Ltd),Methotrexate sodium,2.5mg/1ml,Solution for injection,Intramuscular/Intrathecal/Intraarterial/Intravenous,NA,NA,NA
27400,10673211000001106,1001030U0BEADBC,metoject 15mg/1.5ml solution for injection pre-filled syringes (medac uk),Metoject 15mg/1.5ml solution for injection pre-filled syringes (medac UK),Methotrexate sodium,10mg/1ml,Solution for injection,Intramuscular/Intravenous/Subcutaneous,10673211000001106,Metoject 15mg/1.5ml solution for injection pre-filled syringes (medac UK),Metoject 15mg/1.5ml inj pre-filled syringes
27404,10675711000001104,NA,methotrexate 15mg/1.5ml solution for injection pre-filled syringes,Methotrexate 15mg/1.5ml solution for injection pre-filled syringes,Methotrexate sodium,10mg/1ml,Solution for injection,Intramuscular/Intravenous/Subcutaneous,NA,NA,NA
27579,NA,NA,methotrexate,NA,NA,NA,NA,NA,NA,NA,NA
27642,9468911000001104,0801030P0AADRDR,methotrexate 27.5mg/1.1ml solution for injection pre-filled syringes,Methotrexate 27.5mg/1.1ml solution for injection pre-filled syringes,Methotrexate sodium,25mg/1ml,Solution for injection,Intramuscular/Intrathecal/Intraarterial/Intravenous,9468911000001104,Methotrexate 27.5mg/1.1ml solution for injection pre-filled syringes,Methotrexate 27.5mg/1.1ml inj pre-filled syringes
28041,8665211000001100,1001030U0AAAKAK,methotrexate 12.5mg/5ml oral suspension,Methotrexate 12.5mg/5ml oral suspension,Methotrexate,2.5mg/1ml,Oral suspension,Oral,8665211000001100,Methotrexate 12.5mg/5ml oral suspension,Methotrexate 12.5mg/5ml oral liquid
2837,327085000,0802020G0AAAFAF,ciclosporin 50mg capsules,Ciclosporin 50mg capsules,Ciclosporin,50mg,Capsule,Oral,327085000,Ciclosporin 50mg capsules,Ciclosporin 50mg capsules
2838,327082002,0802020G0AAACAC,ciclosporin 25mg capsules,Ciclosporin 25mg capsules,Ciclosporin,25mg,Capsule,Oral,327082002,Ciclosporin 25mg capsules,Ciclosporin 25mg capsules
29069,NA,NA,methotrexate 500mg/vial sterile powder,NA,NA,NA,NA,NA,NA,NA,NA
30703,9469011000001108,0801030P0AACGCG,methotrexate 30mg/1.2ml solution for injection pre-filled syringes,Methotrexate 30mg/1.2ml solution for injection pre-filled syringes,Methotrexate sodium,25mg/1ml,Solution for injection,Intramuscular/Intrathecal/Intraarterial/Intravenous,9469011000001108,Methotrexate 30mg/1.2ml solution for injection pre-filled syringes,Methotrexate 30mg/1.2ml inj pre-filled syringes
30780,34645001000027104,NA,methotrexate 2.5mg tablet (pharmacia ltd),Methotrexate 2.5mg Tablet (Pharmacia Ltd),Methotrexate,2.5mg,Tablet,Oral,NA,NA,NA
30932,9469411000001104,0801030P0AABPBP,methotrexate 5mg/0.2ml solution for injection pre-filled syringes,Methotrexate 5mg/0.2ml solution for injection pre-filled syringes,Methotrexate sodium,25mg/1ml,Solution for injection,Intramuscular/Intravenous/Intraarterial/Intrathecal,9469411000001104,Methotrexate 5mg/0.2ml solution for injection pre-filled syringes,Methotrexate 5mg/0.2ml inj pre-filled syringes
3193,99805001000027100,NA,etretinate 10mg capsule,Etretinate 10mg Capsule,Etretinate,10mg,Capsule,Oral,NA,NA,NA
32111,383711000001107,1001030U0AAABAB,methotrexate 2.5mg tablets (pfizer ltd),Methotrexate 2.5mg tablets (Pfizer Ltd),Methotrexate,2.5mg,Tablet,Oral,383711000001107,Methotrexate 2.5mg tablets (Pfizer Ltd),Methotrexate 2.5mg tablets
32229,36033211000001104,NA,methotrexate 500mg/20ml solution for injection vials,Methotrexate 500mg/20ml solution for injection vials,Methotrexate sodium,25mg/1ml,Solution for injection,Intramuscular/Intraarterial/Intravenous,NA,NA,NA
32865,10675611000001108,NA,methotrexate 10mg/1ml solution for injection pre-filled syringes,Methotrexate 10mg/1ml solution for injection pre-filled syringes,Methotrexate sodium,10mg/1ml,Solution for injection,Intramuscular/Intravenous/Subcutaneous,NA,NA,NA
33330,10615711000001108,NA,hydroxycarbamide 500mg capsules (medac uk),Hydroxycarbamide 500mg capsules (medac UK),Hydroxycarbamide,500mg,Capsule,Oral,NA,NA,NA
33601,10674011000001104,1001030U0BEAEBD,metoject 25mg/2.5ml solution for injection pre-filled syringes (medac uk),Metoject 25mg/2.5ml solution for injection pre-filled syringes (medac UK),Methotrexate sodium,10mg/1ml,Solution for injection,Intramuscular/Intravenous/Subcutaneous,10674011000001104,Metoject 25mg/2.5ml solution for injection pre-filled syringes (medac UK),Metoject 25mg/2.5ml inj pre-filled syringes
34258,158285001000027100,NA,methotrexate 20mg/0.8ml injection (central homecare),Methotrexate 20mg/0.8ml Injection (Central Homecare),Methotrexate sodium,25mg/1ml,Solution for injection,Subcutaneous/Intramuscular,NA,NA,NA
3481,NA,NA,spectraban 25 (uvb spf 25) lot,NA,NA,NA,NA,NA,NA,NA,NA
34929,191111000001100,1001030U0AAACAC,methotrexate 10mg tablets (pfizer ltd),Methotrexate 10mg tablets (Pfizer Ltd),Methotrexate,10mg,Tablet,Oral,191111000001100,Methotrexate 10mg tablets (Pfizer Ltd),Methotrexate 10mg tablets
35126,244875001000027100,NA,etanercept 50mg injection solution,Etanercept 50mg injection solution,Etanercept,50mg,Injection Solution,Subcutaneous Injection,NA,NA,NA
35402,10676011000001108,NA,methotrexate 7.5mg/0.75ml solution for injection pre-filled syringes,Methotrexate 7.5mg/0.75ml solution for injection pre-filled syringes,Methotrexate sodium,10mg/1ml,Solution for injection,Intramuscular/Intravenous/Subcutaneous,NA,NA,NA
35419,11033511000001108,1001030D0BBAEAD,enbrel 25mg/0.5ml solution for injection pre-filled syringes (pfizer ltd),Enbrel 25mg/0.5ml solution for injection pre-filled syringes (Pfizer Ltd),Etanercept,50mg/1ml,Solution for injection,Subcutaneous,11033511000001108,Enbrel 25mg/0.5ml solution for injection pre-filled syringes (Pfizer Ltd),Enbrel 25mg/0.5ml solution for injection pre-filled syringes
35752,8666111000001100,1001030U0AAAIAI,methotrexate 7.5mg/5ml oral suspension,Methotrexate 7.5mg/5ml oral suspension,Methotrexate,1.5mg/1ml,Oral suspension,Oral,8666111000001100,Methotrexate 7.5mg/5ml oral suspension,Methotrexate 7.5mg/5ml oral liquid
35865,10672611000001104,NA,metoject 7.5mg/0.75ml solution for injection pre-filled syringes (medac uk),Metoject 7.5mg/0.75ml solution for injection pre-filled syringes (medac UK),Methotrexate sodium,10mg/1ml,Solution for injection,Intramuscular/Intravenous/Subcutaneous,NA,NA,NA
36008,11034511000001106,1001030D0AAADAD,etanercept 25mg/0.5ml solution for injection pre-filled syringes,Etanercept 25mg/0.5ml solution for injection pre-filled syringes,Etanercept,50mg/1ml,Solution for injection,Subcutaneous,11034511000001106,Etanercept 25mg/0.5ml solution for injection pre-filled syringes,Etanercept 25mg/0.5ml inj pre-filled syringes
36167,36032911000001104,NA,methotrexate 1g/10ml solution for injection vials,Methotrexate 1g/10ml solution for injection vials,Methotrexate sodium,100mg/1ml,Solution for injection,Intraarterial/Intravenous/Intramuscular,NA,NA,NA
36556,244885001000027100,NA,enbrel 50mg solution for injection (pfizer consumer healthcare ltd),Enbrel 50mg Solution for injection (Pfizer Consumer Healthcare Ltd),Etanercept,50mg,Solution For Injection,Subcutaneous Injection,NA,NA,NA
36800,8664911000001105,1001030U0AAAHAH,methotrexate 10mg/5ml oral solution,Methotrexate 10mg/5ml oral solution,Methotrexate,2mg/1ml,Oral solution,Oral,8664911000001105,Methotrexate 10mg/5ml oral solution,Methotrexate 10mg/5ml oral liquid
36849,8665011000001105,1001030U0AAAHAH,methotrexate 10mg/5ml oral suspension,Methotrexate 10mg/5ml oral suspension,Methotrexate,2mg/1ml,Oral suspension,Oral,8665011000001105,Methotrexate 10mg/5ml oral suspension,Methotrexate 10mg/5ml oral liquid
37117,10672911000001108,NA,metoject 10mg/1ml solution for injection pre-filled syringes (medac uk),Metoject 10mg/1ml solution for injection pre-filled syringes (medac UK),Methotrexate sodium,10mg/1ml,Solution for injection,Intramuscular/Intravenous/Subcutaneous,NA,NA,NA
38056,36140311000001104,NA,ciclosporin 50mg/1ml solution for infusion ampoules,Ciclosporin 50mg/1ml solution for infusion ampoules,Ciclosporin,50mg/1ml,Solution for infusion,Intravenous,NA,NA,NA
38319,12623611000001104,0801050P0AAABAB,hydroxycarbamide 500mg/5ml oral solution,Hydroxycarbamide 500mg/5ml oral solution,Hydroxycarbamide,100mg/1ml,Oral solution,Oral,12623611000001104,Hydroxycarbamide 500mg/5ml oral solution,Hydroxycarbamide 500mg/5ml oral solution
3873,157395001000027100,NA,hydroxyurea capsule,Hydroxyurea Capsule,Hydroxycarbamide,500mg,Capsule,Oral,NA,NA,NA
3896,327083007,0802020G0AAADAD,ciclosporin 100mg capsules,Ciclosporin 100mg capsules,Ciclosporin,100mg,Capsule,Oral,327083007,Ciclosporin 100mg capsules,Ciclosporin 100mg capsules
3920,347811000001104,0802020G0BBADAC,sandimmun 25mg capsules (novartis pharmaceuticals uk ltd),Sandimmun 25mg capsules (Novartis Pharmaceuticals UK Ltd),Ciclosporin,25mg,Capsule,Oral,347811000001104,Sandimmun 25mg capsules (Novartis Pharmaceuticals UK Ltd),Sandimmun 25mg capsules
39523,624711000001105,1305020A0BBABAB,neotigason 10mg capsules (teva uk ltd),Neotigason 10mg capsules (Teva UK Ltd),Acitretin,10mg,Capsule,Oral,624711000001105,Neotigason 10mg capsules (Teva UK Ltd),Neotigason 10mg capsules
39548,13967911000001100,0901030R0AAAAAA,hydroxycarbamide 1g tablets,Hydroxycarbamide 1g tablets,Hydroxycarbamide,1gram,Tablet,Oral,13967911000001100,Hydroxycarbamide 1g tablets,Hydroxycarbamide 1g tablets
39793,684311000001103,1305020A0BBAAAA,neotigason 25mg capsules (teva uk ltd),Neotigason 25mg capsules (Teva UK Ltd),Acitretin,25mg,Capsule,Oral,684311000001103,Neotigason 25mg capsules (Teva UK Ltd),Neotigason 25mg capsules
40273,15518111000001100,NA,methotrexate 20mg/0.4ml solution for injection pre-filled syringes,Methotrexate 20mg/0.4ml solution for injection pre-filled syringes,Methotrexate sodium,50mg/1ml,Solution for injection,Subcutaneous/Intravenous/Intramuscular,NA,NA,NA
40280,15513111000001104,NA,metoject 7.5mg/0.15ml solution for injection pre-filled syringes (medac uk),Metoject 7.5mg/0.15ml solution for injection pre-filled syringes (medac UK),Methotrexate sodium,50mg/1ml,Solution for injection,Intravenous/Intramuscular/Subcutaneous,NA,NA,NA
40281,15518011000001102,1001030U0AABGBG,methotrexate 15mg/0.3ml solution for injection pre-filled syringes,Methotrexate 15mg/0.3ml solution for injection pre-filled syringes,Methotrexate sodium,50mg/1ml,Solution for injection,Subcutaneous/Intramuscular/Intravenous,15518011000001102,Methotrexate 15mg/0.3ml solution for injection pre-filled syringes,Methotrexate 15mg/0.3ml inj pre-filled syringes
40284,15513711000001106,1001030U0BEAHBG,metoject 15mg/0.3ml solution for injection pre-filled syringes (medac uk),Metoject 15mg/0.3ml solution for injection pre-filled syringes (medac UK),Methotrexate sodium,50mg/1ml,Solution for injection,Subcutaneous/Intramuscular/Intravenous,15513711000001106,Metoject 15mg/0.3ml solution for injection pre-filled syringes (medac UK),Metoject 15mg/0.3ml inj pre-filled syringes
40292,15514311000001108,NA,metoject 20mg/0.4ml solution for injection pre-filled syringes (medac uk),Metoject 20mg/0.4ml solution for injection pre-filled syringes (medac UK),Methotrexate sodium,50mg/1ml,Solution for injection,Subcutaneous/Intravenous/Intramuscular,NA,NA,NA
40293,15514011000001106,1001030U0BEAJBI,metoject 25mg/0.5ml solution for injection pre-filled syringes (medac uk),Metoject 25mg/0.5ml solution for injection pre-filled syringes (medac UK),Methotrexate sodium,50mg/1ml,Solution for injection,Intramuscular/Intravenous/Subcutaneous,15514011000001106,Metoject 25mg/0.5ml solution for injection pre-filled syringes (medac UK),Metoject 25mg/0.5ml inj pre-filled syringes
40301,15518311000001104,1001030U0AABEBE,methotrexate 7.5mg/0.15ml solution for injection pre-filled syringes,Methotrexate 7.5mg/0.15ml solution for injection pre-filled syringes,Methotrexate sodium,50mg/1ml,Solution for injection,Intravenous/Intramuscular/Subcutaneous,15518311000001104,Methotrexate 7.5mg/0.15ml solution for injection pre-filled syringes,Methotrexate 7.5mg/0.15ml inj pre-filled syringes
40328,15518211000001108,NA,methotrexate 25mg/0.5ml solution for injection pre-filled syringes,Methotrexate 25mg/0.5ml solution for injection pre-filled syringes,Methotrexate sodium,50mg/1ml,Solution for injection,Intramuscular/Intravenous/Subcutaneous,NA,NA,NA
40356,15513411000001100,1001030U0BEAGBF,metoject 10mg/0.2ml solution for injection pre-filled syringes (medac uk),Metoject 10mg/0.2ml solution for injection pre-filled syringes (medac UK),Methotrexate sodium,50mg/1ml,Solution for injection,Intravenous/Subcutaneous/Intramuscular,15513411000001100,Metoject 10mg/0.2ml solution for injection pre-filled syringes (medac UK),Metoject 10mg/0.2ml inj pre-filled syringes
40371,15517911000001104,1001030U0AABFBF,methotrexate 10mg/0.2ml solution for injection pre-filled syringes,Methotrexate 10mg/0.2ml solution for injection pre-filled syringes,Methotrexate sodium,50mg/1ml,Solution for injection,Intravenous/Subcutaneous/Intramuscular,15517911000001104,Methotrexate 10mg/0.2ml solution for injection pre-filled syringes,Methotrexate 10mg/0.2ml inj pre-filled syringes
41058,11023211000001108,NA,enbrel paediatric 25mg powder and solvent for solution for injection vials (pfizer ltd),Enbrel Paediatric 25mg powder and solvent for solution for injection vials (Pfizer Ltd),Etanercept,25mg,Powder and solvent for solution for injection,Subcutaneous,NA,NA,NA
41086,36033511000001104,NA,methotrexate 5g/50ml solution for infusion vials,Methotrexate 5g/50ml solution for infusion vials,Methotrexate sodium,100mg/1ml,Solution for infusion,Intraarterial/Intravenous/Intramuscular,NA,NA,NA
41104,11026411000001100,NA,methotrexate 2.5mg tablets (wockhardt uk ltd),Methotrexate 2.5mg tablets (Wockhardt UK Ltd),Methotrexate,2.5mg,Tablet,Oral,NA,NA,NA
41585,34715001000027100,NA,methotrexate sodium 2.5mg tablet (wyeth pharmaceuticals),Methotrexate sodium 2.5mg Tablet (Wyeth Pharmaceuticals),Methotrexate,2.5mg,Tablet,Oral,NA,NA,NA
4231,319211000001101,0802020G0BCACAF,neoral 50mg capsules (novartis pharmaceuticals uk ltd),Neoral 50mg capsules (Novartis Pharmaceuticals UK Ltd),Ciclosporin,50mg,Capsule,Oral,319211000001101,Neoral 50mg capsules (Novartis Pharmaceuticals UK Ltd),Neoral 50mg capsules
42448,16306711000001102,0802020G0BEABAF,deximune 50mg capsules (dexcel-pharma ltd),Deximune 50mg capsules (Dexcel-Pharma Ltd),Ciclosporin,50mg,Capsule,Oral,16306711000001102,Deximune 50mg capsules (Dexcel-Pharma Ltd),Deximune 50mg capsules
42449,16306911000001100,0802020G0BEACAD,deximune 100mg capsules (dexcel-pharma ltd),Deximune 100mg capsules (Dexcel-Pharma Ltd),Ciclosporin,100mg,Capsule,Oral,16306911000001100,Deximune 100mg capsules (Dexcel-Pharma Ltd),Deximune 100mg capsules
42637,16306511000001108,NA,deximune 25mg capsules (dexcel-pharma ltd),Deximune 25mg capsules (Dexcel-Pharma Ltd),Ciclosporin,25mg,Capsule,Oral,NA,NA,NA
42924,36139511000001104,NA,ciclosporin 250mg/5ml solution for infusion ampoules,Ciclosporin 250mg/5ml solution for infusion ampoules,Ciclosporin,50mg/1ml,Solution for infusion,Intravenous,NA,NA,NA
44410,8285111000001106,1305030A0AAAAAA,efalizumab 125mg powder and solvent for solution for injection vials,Efalizumab 125mg powder and solvent for solution for injection vials,Efalizumab,125mg,Powder and solvent for solution for injection,Subcutaneous,8285111000001106,Efalizumab 125mg powder and solvent for solution for injection vials,Efalizumab 125mg inj vials
44908,18245711000001104,1001030U0AABJBJ,methotrexate 30mg/0.6ml solution for injection pre-filled syringes,Methotrexate 30mg/0.6ml solution for injection pre-filled syringes,Methotrexate,50mg/1ml,Solution for injection,Intravenous/Intramuscular/Subcutaneous,18245711000001104,Methotrexate 30mg/0.6ml solution for injection pre-filled syringes,Methotrexate 30mg/0.6ml inj pre-filled syringes
45165,19976011000001104,NA,methotrexate 20mg/1ml solution for injection pre-filled syringes,Methotrexate 20mg/1ml solution for injection pre-filled syringes,Methotrexate sodium,20mg/1ml,Solution for injection,Intravenous/Intramuscular/Subcutaneous,NA,NA,NA
45558,19976111000001108,NA,methotrexate 25mg/1.25ml solution for injection pre-filled syringes,Methotrexate 25mg/1.25ml solution for injection pre-filled syringes,Methotrexate sodium,20mg/1ml,Solution for injection,Intramuscular/Intravenous/Subcutaneous,NA,NA,NA
46039,19976211000001100,NA,methotrexate 30mg/1.5ml solution for injection pre-filled syringes,Methotrexate 30mg/1.5ml solution for injection pre-filled syringes,Methotrexate sodium,20mg/1ml,Solution for injection,Subcutaneous/Intravenous/Intramuscular,NA,NA,NA
46098,19224611000001108,1001030U0BEALBK,metoject 12.5mg/0.25ml solution for injection pre-filled syringes (medac uk),Metoject 12.5mg/0.25ml solution for injection pre-filled syringes (medac UK),Methotrexate sodium,50mg/1ml,Solution for injection,Subcutaneous/Intramuscular/Intravenous,19224611000001108,Metoject 12.5mg/0.25ml solution for injection pre-filled syringes (medac UK),Metoject 12.5mg/0.25ml inj pre-filled syringes
46129,19231511000001104,NA,methotrexate 22.5mg/0.45ml solution for injection pre-filled syringes,Methotrexate 22.5mg/0.45ml solution for injection pre-filled syringes,Methotrexate sodium,50mg/1ml,Solution for injection,Intravenous/Intramuscular/Subcutaneous,NA,NA,NA
46152,19231311000001104,1001030U0AABKBK,methotrexate 12.5mg/0.25ml solution for injection pre-filled syringes,Methotrexate 12.5mg/0.25ml solution for injection pre-filled syringes,Methotrexate sodium,50mg/1ml,Solution for injection,Subcutaneous/Intramuscular/Intravenous,19231311000001104,Methotrexate 12.5mg/0.25ml solution for injection pre-filled syringes,Methotrexate 12.5mg/0.25ml inj pre-filled syringes
46156,19231411000001104,NA,methotrexate 17.5mg/0.35ml solution for injection pre-filled syringes,Methotrexate 17.5mg/0.35ml solution for injection pre-filled syringes,Methotrexate sodium,50mg/1ml,Solution for injection,Subcutaneous/Intramuscular/Intravenous,NA,NA,NA
46197,19225411000001104,NA,metoject 22.5mg/0.45ml solution for injection pre-filled syringes (medac uk),Metoject 22.5mg/0.45ml solution for injection pre-filled syringes (medac UK),Methotrexate sodium,50mg/1ml,Solution for injection,Intravenous/Intramuscular/Subcutaneous,NA,NA,NA
46265,19225111000001100,NA,metoject 17.5mg/0.35ml solution for injection pre-filled syringes (medac uk),Metoject 17.5mg/0.35ml solution for injection pre-filled syringes (medac UK),Methotrexate sodium,50mg/1ml,Solution for injection,Subcutaneous/Intramuscular/Intravenous,NA,NA,NA
46309,256445001000027100,NA,ustekinumab 45mg/0.5ml injection solution,Ustekinumab 45mg/0.5ml injection solution,Ustekinumab,45mg/0.5ml,Injection Solution,Subcutaneous Injection,NA,NA,NA
46395,17665811000001108,0802020G0BFACAD,capimune 100mg capsules (mylan),Capimune 100mg capsules (Mylan),Ciclosporin,100mg,Capsule,Oral,17665811000001108,Capimune 100mg capsules (Viatris UK Healthcare Ltd),Capimune 100mg capsules
46407,36033011000001104,NA,methotrexate 1g/40ml solution for injection vials,Methotrexate 1g/40ml solution for injection vials,Methotrexate sodium,25mg/1ml,Solution for injection,Intramuscular/Intraarterial/Intravenous,NA,NA,NA
46637,17666911000001104,NA,capimune 25mg capsules (mylan),Capimune 25mg capsules (Mylan),Ciclosporin,25mg,Capsule,Oral,NA,NA,NA
47042,203115001000027100,NA,ciclosporin 100mg capsule (hillcross pharmaceuticals ltd),Ciclosporin 100mg Capsule (Hillcross Pharmaceuticals Ltd),Ciclosporin,100mg,Capsule,Oral,NA,NA,NA
47047,19377111000001104,NA,capsorin 50mg capsules (morningside healthcare ltd),Capsorin 50mg capsules (Morningside Healthcare Ltd),Ciclosporin,50mg,Capsule,Oral,NA,NA,NA
47102,17665611000001108,NA,capimune 50mg capsules (mylan),Capimune 50mg capsules (Mylan),Ciclosporin,50mg,Capsule,Oral,NA,NA,NA
47127,19345811000001104,NA,hydroxycarbamide 100mg tablets,Hydroxycarbamide 100mg tablets,Hydroxycarbamide,100mg,Tablet,Oral,NA,NA,NA
47192,19376911000001104,NA,capsorin 100mg capsules (morningside healthcare ltd),Capsorin 100mg capsules (Morningside Healthcare Ltd),Ciclosporin,100mg,Capsule,Oral,NA,NA,NA
47377,203095001000027100,NA,ciclosporin 25mg capsule (hillcross pharmaceuticals ltd),Ciclosporin 25mg Capsule (Hillcross Pharmaceuticals Ltd),Ciclosporin,25mg,Capsule,Oral,NA,NA,NA
47471,19377311000001100,0802020G0BGACAC,capsorin 25mg capsules (morningside healthcare ltd),Capsorin 25mg capsules (Morningside Healthcare Ltd),Ciclosporin,25mg,Capsule,Oral,19377311000001100,Capsorin 25mg capsules (Morningside Healthcare Ltd),Capsorin 25mg capsules
47843,19946811000001100,NA,etanercept 10mg powder and solvent for solution for injection vials,Etanercept 10mg powder and solvent for solution for injection vials,Etanercept,10mg,Powder and solvent for solution for injection,Subcutaneous,NA,NA,NA
48556,17857011000001106,0802020G0AAADAD,ciclosporin 100mg capsules (phoenix healthcare distribution ltd),Ciclosporin 100mg capsules (Phoenix Healthcare Distribution Ltd),Ciclosporin,100mg,Capsule,Oral,17857011000001106,Ciclosporin 100mg capsules (Phoenix Healthcare Distribution Ltd),Ciclosporin 100mg capsules
48660,11236911000001104,NA,adalimumab 40mg/0.8ml solution for injection pre-filled disposable devices,Adalimumab 40mg/0.8ml solution for injection pre-filled disposable devices,Adalimumab,50mg/1ml,Solution for injection,Subcutaneous,NA,NA,NA
48763,17856611000001100,NA,ciclosporin 25mg capsules (phoenix healthcare distribution ltd),Ciclosporin 25mg capsules (Phoenix Healthcare Distribution Ltd),Ciclosporin,25mg,Capsule,Oral,NA,NA,NA
48798,17856811000001102,0802020G0AAAFAF,ciclosporin 50mg capsules (phoenix healthcare distribution ltd),Ciclosporin 50mg capsules (Phoenix Healthcare Distribution Ltd),Ciclosporin,50mg,Capsule,Oral,17856811000001102,Ciclosporin 50mg capsules (Phoenix Healthcare Distribution Ltd),Ciclosporin 50mg capsules
49547,36033411000001110,NA,methotrexate 5g/200ml solution for infusion vials,Methotrexate 5g/200ml solution for infusion vials,Methotrexate sodium,25mg/1ml,Solution for infusion,Intramuscular/Intraarterial/Intravenous,NA,NA,NA
49856,10967711000001104,NA,enbrel 50mg/1ml solution for injection pre-filled syringes (pfizer ltd),Enbrel 50mg/1ml solution for injection pre-filled syringes (Pfizer Ltd),Etanercept,50mg/1ml,Solution for injection,Subcutaneous,NA,NA,NA
49951,20310611000001100,1001030U0AAABAB,methotrexate 2.5mg tablets (sandoz ltd),Methotrexate 2.5mg tablets (Sandoz Ltd),Methotrexate,2.5mg,Tablet,Oral,20310611000001100,Methotrexate 2.5mg tablets (Sandoz Ltd),Methotrexate 2.5mg tablets
49958,19617911000001104,NA,neoral 25mg capsules (de pharmaceuticals),Neoral 25mg capsules (DE Pharmaceuticals),Ciclosporin,25mg,Capsule,Oral,NA,NA,NA
50121,11188011000001104,NA,humira 40mg/0.8ml solution for injection pre-filled pen (abbvie ltd),Humira 40mg/0.8ml solution for injection pre-filled pen (AbbVie Ltd),Adalimumab,50mg/1ml,Solution for injection,Subcutaneous,NA,NA,NA
50494,15987111000001108,NA,etanercept 50mg/1ml solution for injection pre-filled disposable devices,Etanercept 50mg/1ml solution for injection pre-filled disposable devices,Etanercept,50mg/1ml,Solution for injection,Subcutaneous,NA,NA,NA
50565,375449005,0801050P0AAACAC,hydroxycarbamide 300mg capsules,Hydroxycarbamide 300mg capsules,Hydroxycarbamide,300mg,Capsule,Oral,375449005,Hydroxycarbamide 300mg capsules,Hydroxycarbamide 300mg capsules
50950,18208411000001104,NA,metoject 30mg/0.6ml solution for injection pre-filled syringes (medac uk),Metoject 30mg/0.6ml solution for injection pre-filled syringes (medac UK),Methotrexate,50mg/1ml,Solution for injection,Intravenous/Intramuscular/Subcutaneous,NA,NA,NA
50996,35894411000001100,1001030S0AAAAAA,adalimumab 40mg/0.8ml solution for injection pre-filled syringes,Adalimumab 40mg/0.8ml solution for injection pre-filled syringes,Adalimumab,50mg/1ml,Solution for injection,Subcutaneous,35894411000001100,Adalimumab 40mg/0.8ml solution for injection pre-filled syringes,Adalimumab 40mg/0.8ml inj pre-filled syringes
50998,10970211000001102,1001030D0AAACAC,etanercept 50mg/1ml solution for injection pre-filled syringes,Etanercept 50mg/1ml solution for injection pre-filled syringes,Etanercept,50mg/1ml,Solution for injection,Subcutaneous,10970211000001102,Etanercept 50mg/1ml solution for injection pre-filled syringes,Etanercept 50mg/1ml inj pre-filled syringes
51120,706911000001103,1001030U0AAABAB,methotrexate 2.5mg tablets (alliance healthcare (distribution) ltd),Methotrexate 2.5mg tablets (Alliance Healthcare (Distribution) Ltd),Methotrexate,2.5mg,Tablet,Oral,706911000001103,Methotrexate 2.5mg tablets (Alliance Healthcare (Distribution) Ltd),Methotrexate 2.5mg tablets
51321,36033311000001104,NA,methotrexate 50mg/2ml solution for injection vials,Methotrexate 50mg/2ml solution for injection vials,Methotrexate sodium,25mg/1ml,Solution for injection,Intrathecal/Intraventricular cardiac/Intravenous/Intramuscular/Intraarterial,NA,NA,NA
51667,36033111000001104,0801030P0AAASAS,methotrexate 200mg/8ml solution for injection vials,Methotrexate 200mg/8ml solution for injection vials,Methotrexate sodium,25mg/1ml,Solution for injection,Intramuscular/Intrathecal/Intraarterial/Intravenous,36033111000001104,Methotrexate 200mg/8ml solution for injection vials,Methotrexate 200mg/8ml solution for injection vials
52606,14709211000001104,NA,methotrexate 2.5mg tablets (sigma pharmaceuticals plc),Methotrexate 2.5mg tablets (Sigma Pharmaceuticals Plc),Methotrexate,2.5mg,Tablet,Oral,NA,NA,NA
52615,14344711000001108,NA,neoral 100mg capsules (sigma pharmaceuticals plc),Neoral 100mg capsules (Sigma Pharmaceuticals Plc),Ciclosporin,100mg,Capsule,Oral,14344711000001108,Neoral 100mg capsules (Sigma Pharmaceuticals Plc),NA
52743,21263111000001100,NA,ciclosporin 25mg capsules (sigma pharmaceuticals plc),Ciclosporin 25mg capsules (Sigma Pharmaceuticals Plc),Ciclosporin,25mg,Capsule,Oral,NA,NA,NA
52833,5007511000001108,1001030S0BBAAAA,humira 40mg/0.8ml solution for injection pre-filled syringes (abbvie ltd),Humira 40mg/0.8ml solution for injection pre-filled syringes (AbbVie Ltd),Adalimumab,50mg/1ml,Solution for injection,Subcutaneous,5007511000001108,Humira 40mg/0.8ml solution for injection pre-filled syringes (AbbVie Ltd),Humira 40mg/0.8ml solution for injection pre-filled syringes
53175,16561911000001108,NA,neoral 25mg capsules (mawdsley-brooks & company ltd),Neoral 25mg capsules (Mawdsley-Brooks & Company Ltd),Ciclosporin,25mg,Capsule,Oral,NA,NA,NA
53176,20164511000001104,NA,neoral 50mg capsules (de pharmaceuticals),Neoral 50mg capsules (DE Pharmaceuticals),Ciclosporin,50mg,Capsule,Oral,NA,NA,NA
53385,14946711000001104,NA,methotrexate 2.5mg tablets (waymade healthcare plc),Methotrexate 2.5mg tablets (Waymade Healthcare Plc),Methotrexate,2.5mg,Tablet,Oral,NA,NA,NA
53696,3610011000001101,0801030P0AAANAN,methotrexate 50mg/2ml solution for injection vials (a a h pharmaceuticals ltd),Methotrexate 50mg/2ml solution for injection vials (A A H Pharmaceuticals Ltd),Methotrexate sodium,25mg/1ml,Solution for injection,Intrathecal/Intraventricular cardiac/Intravenous/Intramuscular/Intraarterial,3610011000001101,Methotrexate 50mg/2ml solution for injection vials (A A H Pharmaceuticals Ltd),Methotrexate 50mg/2ml solution for injection vials
53756,21342111000001108,NA,acitretin 10mg capsules (genus pharmaceuticals ltd),Acitretin 10mg capsules (Thornton & Ross Ltd),Acitretin,10mg,Capsule,Oral,NA,NA,NA
54134,21263511000001104,NA,ciclosporin 100mg capsules (sigma pharmaceuticals plc),Ciclosporin 100mg capsules (Sigma Pharmaceuticals Plc),Ciclosporin,100mg,Capsule,Oral,NA,NA,NA
54485,17484011000001100,1305030D0AAABAB,ustekinumab 45mg/0.5ml solution for injection pre-filled syringes,Ustekinumab 45mg/0.5ml solution for injection pre-filled syringes,Ustekinumab,90mg/1ml,Solution for injection,Subcutaneous,17484011000001100,Ustekinumab 45mg/0.5ml solution for injection pre-filled syringes,Ustekinumab 45mg/0.5ml inj pre-filled syringes
54867,21263311000001104,0802020G0AAAFAF,ciclosporin 50mg capsules (sigma pharmaceuticals plc),Ciclosporin 50mg capsules (Sigma Pharmaceuticals Plc),Ciclosporin,50mg,Capsule,Oral,21263311000001104,Ciclosporin 50mg capsules (Sigma Pharmaceuticals Plc),Ciclosporin 50mg capsules
54974,21835511000001108,NA,ciclosporin 50mg capsules (cubic pharmaceuticals ltd),Ciclosporin 50mg capsules (Cubic Pharmaceuticals Ltd),Ciclosporin,50mg,Capsule,Oral,NA,NA,NA
54975,21835311000001100,NA,ciclosporin 100mg capsules (cubic pharmaceuticals ltd),Ciclosporin 100mg capsules (Cubic Pharmaceuticals Ltd),Ciclosporin,100mg,Capsule,Oral,NA,NA,NA
55116,21835711000001104,NA,ciclosporin 25mg capsules (cubic pharmaceuticals ltd),Ciclosporin 25mg capsules (Cubic Pharmaceuticals Ltd),Ciclosporin,25mg,Capsule,Oral,NA,NA,NA
56037,201811000001107,1001030U0AAABAB,methotrexate 2.5mg tablets (a a h pharmaceuticals ltd),Methotrexate 2.5mg tablets (A A H Pharmaceuticals Ltd),Methotrexate,2.5mg,Tablet,Oral,201811000001107,Methotrexate 2.5mg tablets (A A H Pharmaceuticals Ltd),Methotrexate 2.5mg tablets
56580,19946811000001100,NA,etanercept 10mg powder and solvent for solution for injection vials,Etanercept 10mg powder and solvent for solution for injection vials,Etanercept,10mg,Powder and solvent for solution for injection,Subcutaneous,NA,NA,NA
56593,19687311000001100,1001030S0BBACAC,humira 40mg/0.8ml solution for injection vials (abbvie ltd),Humira 40mg/0.8ml solution for injection vials (AbbVie Ltd),Adalimumab,50mg/1ml,Solution for injection,Subcutaneous,19687311000001100,Humira 40mg/0.8ml solution for injection vials (AbbVie Ltd),Humira 40mg/0.8ml solution for injection vials
56972,19697711000001100,1001030S0AAACAC,adalimumab 40mg/0.8ml solution for injection vials,Adalimumab 40mg/0.8ml solution for injection vials,Adalimumab,50mg/1ml,Solution for injection,Subcutaneous,19697711000001100,Adalimumab 40mg/0.8ml solution for injection vials,Adalimumab 40mg/0.8ml solution for injection vials
57103,19225811000001108,1001030U0BEAPBN,metoject 27.5mg/0.55ml solution for injection pre-filled syringes (medac uk),Metoject 27.5mg/0.55ml solution for injection pre-filled syringes (medac UK),Methotrexate sodium,50mg/1ml,Solution for injection,Subcutaneous/Intramuscular/Intravenous,19225811000001108,Metoject 27.5mg/0.55ml solution for injection pre-filled syringes (medac UK),Metoject 27.5mg/0.55ml inj pre-filled syringes
57174,21796511000001104,NA,methotrexate 10mg tablets (waymade healthcare plc),Methotrexate 10mg tablets (Waymade Healthcare Plc),Methotrexate,10mg,Tablet,Oral,NA,NA,NA
57441,928011000001103,1001030U0AAACAC,methotrexate 10mg tablets (a a h pharmaceuticals ltd),Methotrexate 10mg tablets (A A H Pharmaceuticals Ltd),Methotrexate,10mg,Tablet,Oral,928011000001103,Methotrexate 10mg tablets (A A H Pharmaceuticals Ltd),Methotrexate 10mg tablets
58174,17462711000001106,1305030D0BBABAB,stelara 45mg/0.5ml solution for injection pre-filled syringes (janssen-cilag ltd),Stelara 45mg/0.5ml solution for injection pre-filled syringes (Janssen-Cilag Ltd),Ustekinumab,90mg/1ml,Solution for injection,Subcutaneous,17462711000001106,Stelara 45mg/0.5ml solution for injection pre-filled syringes (Janssen-Cilag Ltd),Stelara 45mg/0.5ml inj pre-filled syringes
58303,14962511000001108,NA,methotrexate 2.5mg tablets (orion pharma (uk) ltd),Methotrexate 2.5mg tablets (Orion Pharma (UK) Ltd),Methotrexate,2.5mg,Tablet,Oral,NA,NA,NA
58885,15109411000001108,NA,methotrexate 10mg tablets (sigma pharmaceuticals plc),Methotrexate 10mg tablets (Sigma Pharmaceuticals Plc),Methotrexate,10mg,Tablet,Oral,NA,NA,NA
58975,NA,NA,fumaric acid esters 105mg gastro resistant tablet,NA,NA,NA,NA,NA,NA,NA,NA
59007,10986511000001108,NA,hydroxycarbamide 500mg capsules (a a h pharmaceuticals ltd),Hydroxycarbamide 500mg capsules (A A H Pharmaceuticals Ltd),Hydroxycarbamide,500mg,Capsule,Oral,NA,NA,NA
59249,22604411000001108,0802020G0AAAFAF,ciclosporin 50mg capsules (colorama pharmaceuticals ltd),Ciclosporin 50mg capsules (Colorama Pharmaceuticals Ltd),Ciclosporin,50mg,Capsule,Oral,22604411000001108,Ciclosporin 50mg capsules (Colorama Pharmaceuticals Ltd),Ciclosporin 50mg capsules
59250,22604011000001104,0802020G0AAADAD,ciclosporin 100mg capsules (colorama pharmaceuticals ltd),Ciclosporin 100mg capsules (Colorama Pharmaceuticals Ltd),Ciclosporin,100mg,Capsule,Oral,22604011000001104,Ciclosporin 100mg capsules (Colorama Pharmaceuticals Ltd),Ciclosporin 100mg capsules
59538,22222111000001104,NA,methotrexate 10mg tablets (teva uk ltd),Methotrexate 10mg tablets (Teva UK Ltd),Methotrexate,10mg,Tablet,Oral,NA,NA,NA
59685,22222311000001100,NA,methotrexate 2.5mg tablets (teva uk ltd),Methotrexate 2.5mg tablets (Teva UK Ltd),Methotrexate,2.5mg,Tablet,Oral,NA,NA,NA
59723,8666011000001101,1001030U0AAAIAI,methotrexate 7.5mg/5ml oral solution,Methotrexate 7.5mg/5ml oral solution,Methotrexate,1.5mg/1ml,Oral solution,Oral,8666011000001101,Methotrexate 7.5mg/5ml oral solution,Methotrexate 7.5mg/5ml oral liquid
60979,24136011000001104,NA,methotrexate 2.5mg tablets (morningside healthcare ltd),Methotrexate 2.5mg tablets (Morningside Healthcare Ltd),Methotrexate,2.5mg,Tablet,Oral,NA,NA,NA
61050,24590211000001100,1001030U0BEAZCE,metoject pen 10mg/0.2ml solution for injection pre-filled pen (medac uk),Metoject PEN 10mg/0.2ml solution for injection pre-filled pen (medac UK),Methotrexate,50mg/1ml,Solution for injection,Subcutaneous,24590211000001100,Metoject PEN 10mg/0.2ml solution for injection pre-filled pens (medac UK),Metoject PEN 10mg/0.2ml inj pre-filled pens
61081,24594411000001108,NA,methotrexate 12.5mg/0.25ml solution for injection pre-filled disposable devices,Methotrexate 12.5mg/0.25ml solution for injection pre-filled disposable devices,Methotrexate,50mg/1ml,Solution for injection,Subcutaneous,NA,NA,NA
61082,24594811000001108,NA,methotrexate 22.5mg/0.45ml solution for injection pre-filled disposable devices,Methotrexate 22.5mg/0.45ml solution for injection pre-filled disposable devices,Methotrexate,50mg/1ml,Solution for injection,Subcutaneous,NA,NA,NA
61085,21796211000001108,1001030U0AAABAB,methotrexate 2.5mg tablets (waymade healthcare plc),Methotrexate 2.5mg tablets (Waymade Healthcare Plc),Methotrexate,2.5mg,Tablet,Oral,21796211000001108,Methotrexate 2.5mg tablets (Waymade Healthcare Plc),Methotrexate 2.5mg tablets
61122,24594911000001104,1001030U0AACBCB,methotrexate 25mg/0.5ml solution for injection pre-filled disposable devices,Methotrexate 25mg/0.5ml solution for injection pre-filled disposable devices,Methotrexate,50mg/1ml,Solution for injection,Subcutaneous,24594911000001104,Methotrexate 25mg/0.5ml solution for injection pre-filled disposable devices,Methotrexate 25mg/0.5ml inj pre-filled disposable devices
61137,24594611000001104,NA,methotrexate 17.5mg/0.35ml solution for injection pre-filled disposable devices,Methotrexate 17.5mg/0.35ml solution for injection pre-filled disposable devices,Methotrexate,50mg/1ml,Solution for injection,Subcutaneous,NA,NA,NA
61140,24594711000001100,NA,methotrexate 20mg/0.4ml solution for injection pre-filled disposable devices,Methotrexate 20mg/0.4ml solution for injection pre-filled disposable devices,Methotrexate,50mg/1ml,Solution for injection,Subcutaneous,NA,NA,NA
61151,24594311000001100,1001030U0AACECE,methotrexate 10mg/0.2ml solution for injection pre-filled disposable devices,Methotrexate 10mg/0.2ml solution for injection pre-filled disposable devices,Methotrexate,50mg/1ml,Solution for injection,Subcutaneous,24594311000001100,Methotrexate 10mg/0.2ml solution for injection pre-filled disposable devices,Methotrexate 10mg/0.2ml inj pre-filled disposable devices
61169,24589311000001104,NA,metoject pen 25mg/0.5ml solution for injection pre-filled pen (medac uk),Metoject PEN 25mg/0.5ml solution for injection pre-filled pen (medac UK),Methotrexate,50mg/1ml,Solution for injection,Subcutaneous,NA,NA,NA
61171,24589611000001108,1001030U0BEAXCC,metoject pen 15mg/0.3ml solution for injection pre-filled pen (medac uk),Metoject PEN 15mg/0.3ml solution for injection pre-filled pen (medac UK),Methotrexate,50mg/1ml,Solution for injection,Subcutaneous,24589611000001108,Metoject PEN 15mg/0.3ml solution for injection pre-filled pens (medac UK),Metoject PEN 15mg/0.3ml inj pre-filled pens
61172,24595211000001108,NA,methotrexate 7.5mg/0.15ml solution for injection pre-filled disposable devices,Methotrexate 7.5mg/0.15ml solution for injection pre-filled disposable devices,Methotrexate,50mg/1ml,Solution for injection,Subcutaneous,NA,NA,NA
61178,24588411000001104,NA,metoject pen 7.5mg/0.15ml solution for injection pre-filled pen (medac uk),Metoject PEN 7.5mg/0.15ml solution for injection pre-filled pen (medac UK),Methotrexate,50mg/1ml,Solution for injection,Subcutaneous,NA,NA,NA
61180,24590811000001104,1001030U0BEARBW,metoject pen 20mg/0.4ml solution for injection pre-filled pen (medac uk),Metoject PEN 20mg/0.4ml solution for injection pre-filled pen (medac UK),Methotrexate,50mg/1ml,Solution for injection,Subcutaneous,24590811000001104,Metoject PEN 20mg/0.4ml solution for injection pre-filled pens (medac UK),Metoject PEN 20mg/0.4ml inj pre-filled pens
61181,24591111000001100,1001030U0BEAQBV,metoject pen 17.5mg/0.35ml solution for injection pre-filled pen (medac uk),Metoject PEN 17.5mg/0.35ml solution for injection pre-filled pen (medac UK),Methotrexate,50mg/1ml,Solution for injection,Subcutaneous,24591111000001100,Metoject PEN 17.5mg/0.35ml solution for injection pre-filled pens (medac UK),Metoject PEN 17.5mg/0.35ml inj pre-filled pens
61211,24589911000001104,NA,metoject pen 12.5mg/0.25ml solution for injection pre-filled pen (medac uk),Metoject PEN 12.5mg/0.25ml solution for injection pre-filled pen (medac UK),Methotrexate,50mg/1ml,Solution for injection,Subcutaneous,NA,NA,NA
61273,24594511000001104,NA,methotrexate 15mg/0.3ml solution for injection pre-filled disposable devices,Methotrexate 15mg/0.3ml solution for injection pre-filled disposable devices,Methotrexate,50mg/1ml,Solution for injection,Subcutaneous,NA,NA,NA
61373,15980311000001108,1001030D0BBAFAE,enbrel 50mg/1ml solution for injection pre-filled myclic pen (pfizer ltd),Enbrel 50mg/1ml solution for injection pre-filled MyClic pen (Pfizer Ltd),Etanercept,50mg/1ml,Solution for injection,Subcutaneous,15980311000001108,Enbrel 50mg/1ml solution for injection pre-filled MyClic pens (Pfizer Ltd),Enbrel 50mg/1ml inj pre-filled MyClic pens
61419,24590411000001100,NA,metoject pen 22.5mg/0.45ml solution for injection pre-filled pen (medac uk),Metoject PEN 22.5mg/0.45ml solution for injection pre-filled pen (medac UK),Methotrexate,50mg/1ml,Solution for injection,Subcutaneous,NA,NA,NA
61488,24588711000001108,1001030U0BEAVCA,metoject pen 30mg/0.6ml solution for injection pre-filled pen (medac uk),Metoject PEN 30mg/0.6ml solution for injection pre-filled pen (medac UK),Methotrexate,50mg/1ml,Solution for injection,Subcutaneous,24588711000001108,Metoject PEN 30mg/0.6ml solution for injection pre-filled pens (medac UK),Metoject PEN 30mg/0.6ml inj pre-filled pens
61796,24595111000001104,NA,methotrexate 30mg/0.6ml solution for injection pre-filled disposable devices,Methotrexate 30mg/0.6ml solution for injection pre-filled disposable devices,Methotrexate,50mg/1ml,Solution for injection,Subcutaneous,NA,NA,NA
62051,23936511000001104,NA,ciclosporin 25mg capsules (niche pharma ltd),Ciclosporin 25mg capsules (Niche Pharma Ltd),Ciclosporin,25mg,Capsule,Oral,NA,NA,NA
62157,24510211000001100,NA,hydroxycarbamide 500mg/5ml oral suspension,Hydroxycarbamide 500mg/5ml oral suspension,Hydroxycarbamide,100mg/1ml,Oral suspension,Oral,NA,NA,NA
62421,24589011000001100,NA,metoject pen 27.5mg/0.55ml solution for injection pre-filled pen (medac uk),Metoject PEN 27.5mg/0.55ml solution for injection pre-filled pen (medac UK),Methotrexate,50mg/1ml,Solution for injection,Subcutaneous,NA,NA,NA
62753,19231611000001108,NA,methotrexate 27.5mg/0.55ml solution for injection pre-filled syringes,Methotrexate 27.5mg/0.55ml solution for injection pre-filled syringes,Methotrexate sodium,50mg/1ml,Solution for injection,Subcutaneous/Intramuscular/Intravenous,NA,NA,NA
62833,24381611000001104,NA,methotrexate 2.5mg tablets (de pharmaceuticals),Methotrexate 2.5mg tablets (DE Pharmaceuticals),Methotrexate,2.5mg,Tablet,Oral,NA,NA,NA
6333,326991007,0801050P0AAAAAA,hydroxycarbamide 500mg capsules,Hydroxycarbamide 500mg capsules,Hydroxycarbamide,500mg,Capsule,Oral,326991007,Hydroxycarbamide 500mg capsules,Hydroxycarbamide 500mg capsules
63798,16550911000001108,NA,ciclosporin 100mg capsules (a a h pharmaceuticals ltd),Ciclosporin 100mg capsules (A A H Pharmaceuticals Ltd),Ciclosporin,100mg,Capsule,Oral,NA,NA,NA
64612,28789211000001104,NA,apremilast 30mg tablets,Apremilast 30mg tablets,Apremilast,30mg,Tablet,Oral,NA,NA,NA
64626,28770611000001108,1001030AABBAAAA,otezla 30mg tablets (celgene ltd),Otezla 30mg tablets (Celgene Ltd),Apremilast,30mg,Tablet,Oral,28770611000001108,Otezla 30mg tablets (Amgen Ltd),Otezla 30mg tablets
64636,28943211000001104,NA,inflectra 100mg powder for concentrate for solution for infusion vials (pfizer ltd),Inflectra 100mg powder for concentrate for solution for infusion vials (Pfizer Ltd),Infliximab,100mg,Powder for solution for infusion,Intravenous,NA,NA,NA
64857,28338911000001104,NA,vanquoral 100mg capsules (teva uk ltd),Vanquoral 100mg capsules (Teva UK Ltd),Ciclosporin,100mg,Capsule,Oral,NA,NA,NA
64858,28337411000001104,NA,vanquoral 50mg capsules (teva uk ltd),Vanquoral 50mg capsules (Teva UK Ltd),Ciclosporin,50mg,Capsule,Oral,NA,NA,NA
65463,13955911000001104,0901030R0BBAAAA,siklos 1000mg tablets (masters pharmaceuticals ltd),Siklos 1000mg tablets (Nordic Pharma Ltd),Hydroxycarbamide,1gram,Tablet,Oral,13955911000001104,Siklos 1000mg tablets (Masters Pharmaceuticals Ltd),Siklos 1000mg tablets
65531,NA,NA,otezla tablets treatment initiation pack (celgene ltd),NA,NA,NA,NA,NA,NA,NA,NA
65584,30799911000001104,1001030U0AACFCF,methotrexate 2mg/ml oral solution sugar free,Methotrexate 2mg/ml oral solution sugar free,Methotrexate sodium,2mg/1ml,Oral solution,Oral,30799911000001104,Methotrexate 2mg/ml oral solution sugar free,Methotrexate 2mg/ml oral solution sugar free
65639,23428211000001104,NA,ciclosporin 100mg capsules (j m mcgill ltd),Ciclosporin 100mg capsules (J M McGill Ltd),Ciclosporin,100mg,Capsule,Oral,NA,NA,NA
66473,28335911000001108,0802020G0BHAAAC,vanquoral 25mg capsules (teva uk ltd),Vanquoral 25mg capsules (Teva UK Ltd),Ciclosporin,25mg,Capsule,Oral,28335911000001108,Vanquoral 25mg capsules (Teva UK Ltd),Vanquoral 25mg capsules
66487,31409011000001104,NA,zlatal 12.5mg/0.5ml solution for injection pre-filled syringes (nordic pharma ltd),Zlatal 12.5mg/0.5ml solution for injection pre-filled syringes (Nordic Pharma Ltd),Methotrexate sodium,25mg/1ml,Solution for injection,Subcutaneous/Intramuscular,NA,NA,NA
66774,32227111000001100,1001030D0BCAAAC,benepali 50mg/1ml solution for injection pre-filled syringes (biogen idec ltd),Benepali 50mg/1ml solution for injection pre-filled syringes (Biogen Idec Ltd),Etanercept,50mg/1ml,Solution for injection,Subcutaneous,32227111000001100,Benepali 50mg/1ml solution for injection pre-filled syringes (Biogen Idec Ltd),Benepali 50mg/1ml solution for injection pre-filled syringes
66785,29934611000001108,NA,vanquoral 10mg capsules (teva uk ltd),Vanquoral 10mg capsules (Teva UK Ltd),Ciclosporin,10mg,Capsule,Oral,NA,NA,NA
67558,28803711000001104,NA,remsima 100mg powder for concentrate for solution for infusion vials (napp pharmaceuticals ltd),Remsima 100mg powder for concentrate for solution for infusion vials (Napp Pharmaceuticals Ltd),Infliximab,100mg,Powder for solution for infusion,Intravenous,NA,NA,NA
67585,NA,NA,stelara 45mg/0.5ml solution for injection (janssen-cilag ltd),NA,NA,NA,NA,NA,NA,NA,NA
67597,NA,NA,methotrexate 25mg/ml injection (dupont pharmaceuticals ltd),NA,NA,NA,NA,NA,NA,NA,NA
67917,29211611000001100,1001030AFAAAAAA,secukinumab 150mg/1ml solution for injection pre-filled disposable devices,Secukinumab 150mg/1ml solution for injection pre-filled disposable devices,Secukinumab,150mg/1ml,Solution for injection,Subcutaneous,29211611000001100,Secukinumab 150mg/1ml solution for injection pre-filled disposable devices,Secukinumab 150mg/1ml inj pre-filled disposable devices
67976,32888111000001104,NA,adalimumab 40mg/0.4ml solution for injection pre-filled disposable devices,Adalimumab 40mg/0.4ml solution for injection pre-filled disposable devices,Adalimumab,100mg/1ml,Solution for injection,Subcutaneous,NA,NA,NA
67983,30816311000001104,NA,stelara 90mg/1ml solution for injection pre-filled syringes (janssen-cilag ltd),Stelara 90mg/1ml solution for injection pre-filled syringes (Janssen-Cilag Ltd),Ustekinumab,90mg/1ml,Solution for injection,Subcutaneous,NA,NA,NA
68359,15125511000001104,NA,ustekinumab 45mg/0.5ml solution for injection vials,Ustekinumab 45mg/0.5ml solution for injection vials,Ustekinumab,90mg/1ml,Solution for injection,Subcutaneous,NA,NA,NA
68383,30920411000001100,1305030D0AAACAC,ustekinumab 90mg/1ml solution for injection pre-filled syringes,Ustekinumab 90mg/1ml solution for injection pre-filled syringes,Ustekinumab,90mg/1ml,Solution for injection,Subcutaneous,30920411000001100,Ustekinumab 90mg/1ml solution for injection pre-filled syringes,Ustekinumab 90mg/1ml inj pre-filled syringes
68599,3622911000001108,0801030P0AAAKAK,methotrexate 500mg/20ml solution for injection vials (pfizer ltd),Methotrexate 500mg/20ml solution for injection vials (Pfizer Ltd),Methotrexate sodium,25mg/1ml,Solution for injection,Intramuscular/Intraarterial/Intravenous,3622911000001108,Methotrexate 500mg/20ml solution for injection vials (Pfizer Ltd),Methotrexate 500mg/20ml solution for injection vials
68631,3614611000001101,0801030P0AAAIAI,methotrexate 5mg/2ml solution for injection vials (pfizer ltd),Methotrexate 5mg/2ml solution for injection vials (Pfizer Ltd),Methotrexate sodium,2.5mg/1ml,Solution for injection,Intramuscular/Intrathecal/Intraarterial/Intravenous,3614611000001101,Methotrexate 5mg/2ml solution for injection vials (Pfizer Ltd),Methotrexate 5mg/2ml solution for injection vials
6882,236095001000027100,NA,adalimumab 40mg injection,Adalimumab 40mg injection,Adalimumab,40mg,Injection,Subcutaneous Injection,NA,NA,NA
68836,32888211000001108,1001030S0AAAEAE,adalimumab 40mg/0.4ml solution for injection pre-filled syringes,Adalimumab 40mg/0.4ml solution for injection pre-filled syringes,Adalimumab,100mg/1ml,Solution for injection,Subcutaneous,32888211000001108,Adalimumab 40mg/0.4ml solution for injection pre-filled syringes,Adalimumab 40mg/0.4ml inj pre-filled syringes
6884,708911000001104,0801050P0BBAAAA,hydrea 500mg capsules (bristol-myers squibb pharmaceuticals ltd),Hydrea 500mg capsules (Bristol-Myers Squibb Pharmaceuticals Ltd),Hydroxycarbamide,500mg,Capsule,Oral,708911000001104,Hydrea 500mg capsules (Neon Healthcare Ltd),Hydrea 500mg capsules
68904,29212711000001104,NA,secukinumab 150mg/1ml solution for injection pre-filled syringes,Secukinumab 150mg/1ml solution for injection pre-filled syringes,Secukinumab,150mg/1ml,Solution for injection,Subcutaneous,NA,NA,NA
68955,20310811000001100,NA,methotrexate 10mg tablets (sandoz ltd),Methotrexate 10mg tablets (Sandoz Ltd),Methotrexate,10mg,Tablet,Oral,NA,NA,NA
69500,32230111000001104,NA,benepali 50mg/1ml solution for injection pre-filled pen (biogen idec ltd),Benepali 50mg/1ml solution for injection pre-filled pen (Biogen Idec Ltd),Etanercept,50mg/1ml,Solution for injection,Subcutaneous,NA,NA,NA
69527,32881711000001104,NA,humira 40mg/0.4ml solution for injection pre-filled pen (abbvie ltd),Humira 40mg/0.4ml solution for injection pre-filled pen (AbbVie Ltd),Adalimumab,100mg/1ml,Solution for injection,Subcutaneous,NA,NA,NA
69597,14800211000001100,1305020X0AAAAAA,fumaric acid 30mg tablets,Fumaric acid 30mg tablets,Fumaric acid,30mg,Tablet,Oral,14800211000001100,Fumaric acid 30mg tablets,Fumaric acid 30mg tablets
69639,34168411000001104,NA,methotrexate 7.5mg/0.3ml solution for injection pre-filled disposable devices,Methotrexate 7.5mg/0.3ml solution for injection pre-filled disposable devices,Methotrexate,25mg/1ml,Solution for injection,Subcutaneous,NA,NA,NA
69850,34167711000001100,NA,methotrexate 10mg/0.4ml solution for injection pre-filled disposable devices,Methotrexate 10mg/0.4ml solution for injection pre-filled disposable devices,Methotrexate,25mg/1ml,Solution for injection,Subcutaneous,NA,NA,NA
69928,34167811000001108,NA,methotrexate 12.5mg/0.5ml solution for injection pre-filled disposable devices,Methotrexate 12.5mg/0.5ml solution for injection pre-filled disposable devices,Methotrexate,25mg/1ml,Solution for injection,Subcutaneous,NA,NA,NA
70046,34167911000001104,0801030P0AAFQFQ,methotrexate 15mg/0.6ml solution for injection pre-filled disposable devices,Methotrexate 15mg/0.6ml solution for injection pre-filled disposable devices,Methotrexate,25mg/1ml,Solution for injection,Subcutaneous,34167911000001104,Methotrexate 15mg/0.6ml solution for injection pre-filled disposable devices,Methotrexate 15mg/0.6ml inj pre-filled disposable devices
70059,34168311000001104,0801030P0AAFUFU,methotrexate 25mg/1ml solution for injection pre-filled disposable devices,Methotrexate 25mg/1ml solution for injection pre-filled disposable devices,Methotrexate,25mg/1ml,Solution for injection,Subcutaneous,34168311000001104,Methotrexate 25mg/1ml solution for injection pre-filled disposable devices,Methotrexate 25mg/1ml inj pre-filled disposable devices
70119,34168011000001104,NA,methotrexate 17.5mg/0.7ml solution for injection pre-filled disposable devices,Methotrexate 17.5mg/0.7ml solution for injection pre-filled disposable devices,Methotrexate,25mg/1ml,Solution for injection,Subcutaneous,NA,NA,NA
70171,33749811000001104,NA,ustekinumab 130mg/26ml solution for infusion vials,Ustekinumab 130mg/26ml solution for infusion vials,Ustekinumab,5mg/1ml,Solution for infusion,Intravenous,NA,NA,NA
70351,29212911000001100,NA,cosentyx 150mg/1ml solution for injection pre-filled syringes (novartis pharmaceuticals uk ltd),Cosentyx 150mg/1ml solution for injection pre-filled syringes (Novartis Pharmaceuticals UK Ltd),Secukinumab,150mg/1ml,Solution for injection,Subcutaneous,NA,NA,NA
70379,31407911000001104,NA,zlatal 10mg/0.4ml solution for injection pre-filled syringes (nordic pharma ltd),Zlatal 10mg/0.4ml solution for injection pre-filled syringes (Nordic Pharma Ltd),Methotrexate sodium,25mg/1ml,Solution for injection,Subcutaneous/Intramuscular,NA,NA,NA
70411,34168111000001100,NA,methotrexate 20mg/0.8ml solution for injection pre-filled disposable devices,Methotrexate 20mg/0.8ml solution for injection pre-filled disposable devices,Methotrexate,25mg/1ml,Solution for injection,Subcutaneous,NA,NA,NA
70538,34609111000001108,1001030D0BCACAD,benepali 25mg/0.5ml solution for injection pre-filled syringes (biogen idec ltd),Benepali 25mg/0.5ml solution for injection pre-filled syringes (Biogen Idec Ltd),Etanercept,50mg/1ml,Solution for injection,Subcutaneous,34609111000001108,Benepali 25mg/0.5ml solution for injection pre-filled syringes (Biogen Idec Ltd),Benepali 25mg/0.5ml inj pre-filled syringes
70674,34164411000001104,NA,nordimet 25mg/1ml solution for injection pre-filled pens (nordic pharma ltd),Nordimet 25mg/1ml solution for injection pre-filled pens (Nordic Pharma Ltd),Methotrexate,25mg/1ml,Solution for injection,Subcutaneous,NA,NA,NA
70736,31408511000001100,0801030P0BEAEFI,zlatal 7.5mg/0.3ml solution for injection pre-filled syringes (nordic pharma ltd),Zlatal 7.5mg/0.3ml solution for injection pre-filled syringes (Nordic Pharma Ltd),Methotrexate sodium,25mg/1ml,Solution for injection,Subcutaneous/Intramuscular,31408511000001100,Zlatal 7.5mg/0.3ml solution for injection pre-filled syringes (Nordic Pharma Ltd),Zlatal 7.5mg/0.3ml inj pre-filled syringes
70977,12814011000001108,NA,methotrexate 12mg/5ml oral suspension,Methotrexate 12mg/5ml oral suspension,Methotrexate,2.4mg/1ml,Oral suspension,Oral,NA,NA,NA
71283,34168211000001108,NA,methotrexate 22.5mg/0.9ml solution for injection pre-filled disposable devices,Methotrexate 22.5mg/0.9ml solution for injection pre-filled disposable devices,Methotrexate,25mg/1ml,Solution for injection,Subcutaneous,NA,NA,NA
71450,34871211000001100,1001030AFBBABAB,cosentyx 150mg/1ml solution for injection pre-filled syringes (novartis pharmaceuticals uk ltd),Cosentyx 150mg/1ml solution for injection pre-filled syringes (Novartis Pharmaceuticals UK Ltd),Secukinumab,150mg/1ml,Solution for injection,Subcutaneous,34871211000001100,Cosentyx 150mg/1ml solution for injection pre-filled syringes (Novartis Pharmaceuticals UK Ltd),Cosentyx 150mg/1ml inj pre-filled syringes
71453,34777111000001104,NA,methofill 15mg/0.3ml solution for injection pre-filled injector (accord healthcare ltd),Methofill 15mg/0.3ml solution for injection pre-filled injector (Accord Healthcare Ltd),Methotrexate,50mg/1ml,Solution for injection,Subcutaneous,NA,NA,NA
71454,31409611000001104,NA,zlatal 15mg/0.6ml solution for injection pre-filled syringes (nordic pharma ltd),Zlatal 15mg/0.6ml solution for injection pre-filled syringes (Nordic Pharma Ltd),Methotrexate sodium,25mg/1ml,Solution for injection,Subcutaneous/Intramuscular,NA,NA,NA
71619,34163511000001100,NA,nordimet 17.5mg/0.7ml solution for injection pre-filled pens (nordic pharma ltd),Nordimet 17.5mg/0.7ml solution for injection pre-filled pens (Nordic Pharma Ltd),Methotrexate,25mg/1ml,Solution for injection,Subcutaneous,NA,NA,NA
71626,32882011000001100,NA,humira 40mg/0.4ml solution for injection pre-filled syringes (abbvie ltd),Humira 40mg/0.4ml solution for injection pre-filled syringes (AbbVie Ltd),Adalimumab,100mg/1ml,Solution for injection,Subcutaneous,NA,NA,NA
7176,332213006,1305020A0AAAAAA,acitretin 25mg capsules,Acitretin 25mg capsules,Acitretin,25mg,Capsule,Oral,332213006,Acitretin 25mg capsules,Acitretin 25mg capsules
7177,332211008,1305020A0AAABAB,acitretin 10mg capsules,Acitretin 10mg capsules,Acitretin,10mg,Capsule,Oral,332211008,Acitretin 10mg capsules,Acitretin 10mg capsules
71898,34163811000001104,NA,nordimet 20mg/0.8ml solution for injection pre-filled pens (nordic pharma ltd),Nordimet 20mg/0.8ml solution for injection pre-filled pens (Nordic Pharma Ltd),Methotrexate,25mg/1ml,Solution for injection,Subcutaneous,NA,NA,NA
71967,34163211000001104,0801030P0BFADFQ,nordimet 15mg/0.6ml solution for injection pre-filled pens (nordic pharma ltd),Nordimet 15mg/0.6ml solution for injection pre-filled pens (Nordic Pharma Ltd),Methotrexate,25mg/1ml,Solution for injection,Subcutaneous,34163211000001104,Nordimet 15mg/0.6ml solution for injection pre-filled pens (Nordic Pharma Ltd),Nordimet 15mg/0.6ml solution for injection pre-filled pens
72045,24135711000001100,1001030U0AAACAC,methotrexate 10mg tablets (morningside healthcare ltd),Methotrexate 10mg tablets (Morningside Healthcare Ltd),Methotrexate,10mg,Tablet,Oral,24135711000001100,Methotrexate 10mg tablets (Morningside Healthcare Ltd),Methotrexate 10mg tablets
72300,34162911000001100,NA,nordimet 12.5mg/0.5ml solution for injection pre-filled pens (nordic pharma ltd),Nordimet 12.5mg/0.5ml solution for injection pre-filled pens (Nordic Pharma Ltd),Methotrexate,25mg/1ml,Solution for injection,Subcutaneous,NA,NA,NA
72452,34776911000001104,NA,methofill 10mg/0.2ml solution for injection pre-filled injector (accord healthcare ltd),Methofill 10mg/0.2ml solution for injection pre-filled injector (Accord Healthcare Ltd),Methotrexate,50mg/1ml,Solution for injection,Subcutaneous,NA,NA,NA
72453,34777811000001108,NA,methofill 20mg/0.4ml solution for injection pre-filled injector (accord healthcare ltd),Methofill 20mg/0.4ml solution for injection pre-filled injector (Accord Healthcare Ltd),Methotrexate,50mg/1ml,Solution for injection,Subcutaneous,NA,NA,NA
72477,34840511000001108,1001030D0AAAGAG,etanercept 25mg/0.5ml solution for injection pre-filled disposable devices,Etanercept 25mg/0.5ml solution for injection pre-filled disposable devices,Etanercept,50mg/1ml,Solution for injection,Subcutaneous,34840511000001108,Etanercept 25mg/0.5ml solution for injection pre-filled disposable devices,Etanercept 25mg/0.5ml inj pre-filled disposable devices
72486,34162611000001108,NA,nordimet 10mg/0.4ml solution for injection pre-filled pens (nordic pharma ltd),Nordimet 10mg/0.4ml solution for injection pre-filled pens (Nordic Pharma Ltd),Methotrexate,25mg/1ml,Solution for injection,Subcutaneous,NA,NA,NA
72495,34164111000001108,NA,nordimet 22.5mg/0.9ml solution for injection pre-filled pens (nordic pharma ltd),Nordimet 22.5mg/0.9ml solution for injection pre-filled pens (Nordic Pharma Ltd),Methotrexate,25mg/1ml,Solution for injection,Subcutaneous,NA,NA,NA
72496,34161711000001104,NA,nordimet 7.5mg/0.3ml solution for injection pre-filled pens (nordic pharma ltd),Nordimet 7.5mg/0.3ml solution for injection pre-filled pens (Nordic Pharma Ltd),Methotrexate,25mg/1ml,Solution for injection,Subcutaneous,NA,NA,NA
72795,35318811000001108,1001030S0AAAFAF,adalimumab 20mg/0.2ml solution for injection pre-filled syringes,Adalimumab 20mg/0.2ml solution for injection pre-filled syringes,Adalimumab,100mg/1ml,Solution for injection,Subcutaneous,35318811000001108,Adalimumab 20mg/0.2ml solution for injection pre-filled syringes,Adalimumab 20mg/0.2ml inj pre-filled syringes
73210,NA,NA,generic otezla tablets treatment initiation pack,NA,NA,NA,NA,NA,NA,NA,NA
7336,9468311000001100,0801030P0AAFJFJ,methotrexate 12.5mg/0.5ml solution for injection pre-filled syringes,Methotrexate 12.5mg/0.5ml solution for injection pre-filled syringes,Methotrexate sodium,25mg/1ml,Solution for injection,Subcutaneous/Intramuscular,9468311000001100,Methotrexate 12.5mg/0.5ml solution for injection pre-filled syringes,Methotrexate 12.5mg/0.5ml inj pre-filled syringes
7337,9468211000001108,0801030P0AAFHFH,methotrexate 10mg/0.4ml solution for injection pre-filled syringes,Methotrexate 10mg/0.4ml solution for injection pre-filled syringes,Methotrexate sodium,25mg/1ml,Solution for injection,Subcutaneous/Intramuscular,9468211000001108,Methotrexate 10mg/0.4ml solution for injection pre-filled syringes,Methotrexate 10mg/0.4ml inj pre-filled syringes
73378,33749511000001100,0105030B0BBAAAA,stelara 130mg/26ml concentrate for solution for infusion vials (janssen-cilag ltd),Stelara 130mg/26ml concentrate for solution for infusion vials (Janssen-Cilag Ltd),Ustekinumab,5mg/1ml,Solution for infusion,Intravenous,33749511000001100,Stelara 130mg/26ml concentrate for solution for infusion vials (Janssen-Cilag Ltd),Stelara 130mg/26ml concentrate for inf vials
73401,34776411000001104,NA,methofill 7.5mg/0.15ml solution for injection pre-filled injector (accord healthcare ltd),Methofill 7.5mg/0.15ml solution for injection pre-filled injector (Accord Healthcare Ltd),Methotrexate,50mg/1ml,Solution for injection,Subcutaneous,NA,NA,NA
73434,30595111000001100,1001030U0AACFCF,methotrexate 2mg/ml oral solution sugar free (rosemont pharmaceuticals ltd),Methotrexate 2mg/ml oral solution sugar free (Rosemont Pharmaceuticals Ltd),Methotrexate sodium,2mg/1ml,Oral solution,Oral,30595111000001100,Methotrexate 2mg/ml oral solution sugar free (Rosemont Pharmaceuticals Ltd),Methotrexate 2mg/ml oral solution sugar free
73486,63145001000027110,NA,methotrexate 2.5mg/ml injection (dupont pharmaceuticals ltd),Methotrexate 2.5mg/ml Injection (DuPont Pharmaceuticals Ltd),Methotrexate sodium,2.5mg/1ml,Solution for injection,Intramuscular/Intrathecal/Intraarterial/Intravenous,NA,NA,NA
73582,29212511000001108,NA,cosentyx 150mg/1ml solution for injection pre-filled pens (novartis pharmaceuticals uk ltd),Cosentyx 150mg/1ml solution for injection pre-filled pens (Novartis Pharmaceuticals UK Ltd),Secukinumab,150mg/1ml,Solution for injection,Subcutaneous,NA,NA,NA
73677,34778211000001108,NA,methofill 25mg/0.5ml solution for injection pre-filled injector (accord healthcare ltd),Methofill 25mg/0.5ml solution for injection pre-filled injector (Accord Healthcare Ltd),Methotrexate,50mg/1ml,Solution for injection,Subcutaneous,NA,NA,NA
74593,12816911000001104,NA,methotrexate 25mg/5ml oral solution,Methotrexate 25mg/5ml oral solution,Methotrexate,5mg/1ml,Oral solution,Oral,NA,NA,NA
75003,3621111000001100,0801030P0AACUCU,methotrexate 5g/200ml solution for infusion vials (advanz pharma),Methotrexate 5g/200ml solution for infusion vials (AMCo),Methotrexate sodium,25mg/1ml,Solution for infusion,Intramuscular/Intraarterial/Intravenous,3621111000001100,Methotrexate 5g/200ml solution for infusion vials (Advanz Pharma),Methotrexate 5g/200ml solution for infusion vials
75300,36004911000001108,NA,amgevita 40mg/0.8ml solution for injection pre-filled syringes (amgen ltd),Amgevita 40mg/0.8ml solution for injection pre-filled syringes (Amgen Ltd),Adalimumab,50mg/1ml,Solution for injection,Subcutaneous,NA,NA,NA
75803,NA,NA,methofill 12.5mg/0.25ml solution for injection pre-filled injector (accord healthcare ltd),NA,NA,NA,NA,NA,NA,NA,NA
75868,NA,NA,methofill 17.5mg/0.35ml solution for injection pre-filled injector (accord healthcare ltd),NA,NA,NA,NA,NA,NA,NA,NA
75882,NA,NA,humira 20mg/0.2ml solution for injection pre-filled syringes (abbvie ltd),NA,NA,NA,NA,NA,NA,NA,NA
75903,NA,NA,kyntheum 210mg/1.5ml solution for injection pre-filled syringes (leo pharma),NA,NA,NA,NA,NA,NA,NA,NA
75975,NA,NA,ixekizumab 80mg/1ml solution for injection pre-filled disposable devices,NA,NA,NA,NA,NA,NA,NA,NA
76247,NA,NA,zlatal 25mg/1ml solution for injection pre-filled syringes (nordic pharma ltd),NA,NA,NA,NA,NA,NA,NA,NA
76367,NA,NA,methotrexate 2.5mg tablets (almus pharmaceuticals ltd),NA,NA,NA,NA,NA,NA,NA,NA
76369,NA,NA,methofill 22.5mg/0.45ml solution for injection pre-filled injector (accord healthcare ltd),NA,NA,NA,NA,NA,NA,NA,NA
76397,NA,NA,imraldi 40mg/0.8ml solution for injection pre-filled syringes (biogen idec ltd),NA,NA,NA,NA,NA,NA,NA,NA
76674,NA,NA,amgevita 20mg/0.4ml solution for injection pre-filled syringes (amgen ltd),NA,NA,NA,NA,NA,NA,NA,NA
76716,NA,NA,adalimumab 20mg/0.4ml solution for injection pre-filled syringes,NA,NA,NA,NA,NA,NA,NA,NA
76816,NA,NA,adalimumab 80mg/0.8ml solution for injection pre-filled syringes,NA,NA,NA,NA,NA,NA,NA,NA
76831,NA,NA,guselkumab 100mg/1ml solution for injection pre-filled syringes,NA,NA,NA,NA,NA,NA,NA,NA
77023,NA,NA,methotrexate 25mg/3ml solution for injection pre-filled syringes,NA,NA,NA,NA,NA,NA,NA,NA
77028,NA,NA,methotrexate 50mg/2ml solution for injection pre-filled syringes,NA,NA,NA,NA,NA,NA,NA,NA
77558,NA,NA,methotrexate 10mg tablets (alliance healthcare (distribution) ltd),NA,NA,NA,NA,NA,NA,NA,NA
77594,NA,NA,enbrel paediatric 10mg powder and solvent for solution for injection vials (pfizer ltd),NA,NA,NA,NA,NA,NA,NA,NA
77797,NA,NA,guselkumab 100mg/1ml solution for injection pre-filled disposable devices,NA,NA,NA,NA,NA,NA,NA,NA
77842,NA,NA,imraldi 40mg/0.8ml solution for injection pre-filled pen (biogen idec ltd),NA,NA,NA,NA,NA,NA,NA,NA
77888,NA,NA,erelzi 50mg/1ml solution for injection pre-filled syringes (sandoz ltd),NA,NA,NA,NA,NA,NA,NA,NA
77901,NA,NA,methofill 27.5mg/0.55ml solution for injection pre-filled injector (accord healthcare ltd),NA,NA,NA,NA,NA,NA,NA,NA
78093,NA,NA,jylamvo 2mg/ml oral solution (intrapharm laboratories ltd),NA,NA,NA,NA,NA,NA,NA,NA
78297,NA,NA,methotrexate 10mg tablets (orion pharma (uk) ltd),NA,NA,NA,NA,NA,NA,NA,NA
78717,NA,NA,apremilast 10mg tablets,NA,NA,NA,NA,NA,NA,NA,NA
78916,NA,NA,neoral 100mg capsules (cst pharma ltd),NA,NA,NA,NA,NA,NA,NA,NA
78945,NA,NA,hydroxycarbamide 500mg/5ml oral solution sugar free,NA,NA,NA,NA,NA,NA,NA,NA
79144,NA,NA,tremfya 100mg/1ml solution for injection pre-filled syringes (janssen-cilag ltd),NA,NA,NA,NA,NA,NA,NA,NA
79193,NA,NA,methotrexate oral solution,NA,NA,NA,NA,NA,NA,NA,NA
79194,NA,NA,methotrexate 10mg tablets (de pharmaceuticals),NA,NA,NA,NA,NA,NA,NA,NA
79422,NA,NA,methotrexate 10mg tablets (wockhardt uk ltd),NA,NA,NA,NA,NA,NA,NA,NA
79557,NA,NA,methofill 25mg/0.5ml solution for injection pre-filled syringes (accord healthcare ltd),NA,NA,NA,NA,NA,NA,NA,NA
79572,NA,NA,methofill 15mg/0.3ml solution for injection pre-filled syringes (accord healthcare ltd),NA,NA,NA,NA,NA,NA,NA,NA
823,326874007,1001030U0AAABAB,methotrexate 2.5mg tablets,Methotrexate 2.5mg tablets,Methotrexate,2.5mg,Tablet,Oral,326874007,Methotrexate 2.5mg tablets,Methotrexate 2.5mg tablets
8307,NA,NA,spectraban ultra (uva spf 6 & uvb spf28) lot,NA,NA,NA,NA,NA,NA,NA,NA
8327,NA,NA,methotrexate 50mg/3ml injection,NA,NA,NA,NA,NA,NA,NA,NA
8357,99815001000027100,NA,etretinate 25mg capsule,Etretinate 25mg Capsule,Etretinate,25mg,Capsule,Oral,NA,NA,NA
8358,31545001000027100,NA,tigason 10mg capsule (roche products ltd),Tigason 10mg Capsule (Roche Products Ltd),Etretinate,10mg,Capsule,Oral,NA,NA,NA
8359,19185001000027108,NA,neotigason 10mg capsule (roche products ltd),Neotigason 10mg Capsule (Roche Products Ltd),Acitretin,10mg,Capsule,Oral,NA,NA,NA
8360,19195001000027104,NA,neotigason 25mg capsule (roche products ltd),Neotigason 25mg Capsule (Roche Products Ltd),Acitretin,25mg,Capsule,Oral,NA,NA,NA
8583,NA,NA,methotrexate 25mg/ml injection,NA,NA,NA,NA,NA,NA,NA,NA
877,326875008,1001030U0AAACAC,methotrexate 10mg tablets,Methotrexate 10mg tablets,Methotrexate,10mg,Tablet,Oral,326875008,Methotrexate 10mg tablets,Methotrexate 10mg tablets
9528,36033611000001104,NA,methotrexate 5mg/2ml solution for injection vials,Methotrexate 5mg/2ml solution for injection vials,Methotrexate sodium,2.5mg/1ml,Solution for injection,Intramuscular/Intrathecal/Intraarterial/Intravenous,NA,NA,NA
972,660811000001100,0802020G0BCABAC,neoral 25mg capsules (novartis pharmaceuticals uk ltd),Neoral 25mg capsules (Novartis Pharmaceuticals UK Ltd),Ciclosporin,25mg,Capsule,Oral,660811000001100,Neoral 25mg capsules (Novartis Pharmaceuticals UK Ltd),Neoral 25mg capsules
973,456811000001107,0802020G0BCADAD,neoral 100mg capsules (novartis pharmaceuticals uk ltd),Neoral 100mg capsules (Novartis Pharmaceuticals UK Ltd),Ciclosporin,100mg,Capsule,Oral,456811000001107,Neoral 100mg capsules (Novartis Pharmaceuticals UK Ltd),Neoral 100mg capsules
